"","cyl","avg","sd"
"1",6,19.7428571428571,1.45356704106042
"2",8,15.1,2.56004807647164
"3",4,26.6636363636364,4.50982765242148
